{
  "version": "7",
  "dialect": "mysql",
  "entries": [
    {
      "idx": 0,
      "version": "5",
      "when": 1743050429565,
      "tag": "0000_plain_exiles",
      "breakpoints": true
    },
    {
      "idx": 1,
      "version": "5",
      "when": 1744689714656,
      "tag": "0001_bright_runaways",
      "breakpoints": true
    },
    {
      "idx": 2,
      "version": "5",
      "when": 1744856445382,
      "tag": "0002_lively_may_parker",
      "breakpoints": true
    },
    {
      "idx": 3,
      "version": "5",
      "when": 1744857745863,
      "tag": "0003_small_wasp",
      "breakpoints": true
    },
    {
      "idx": 4,
      "version": "5",
      "when": 1744860751992,
      "tag": "0004_cute_mockingbird",
      "breakpoints": true
    }
  ]
}